model,episode,timeframes,totalrewards,success,goaldist,initdist
trial_310,1,80,288.96605365487596,1,0.34291884662963507,9.367208789510535
trial_310,2,243,-159.1815394874072,0,10.708143710411566,14.837057581400872
trial_310,3,97,259.80532302852805,1,0.30591798046867885,6.452802936259038
trial_310,4,110,360.449764475718,1,0.2959026214182998,16.553993424778966
trial_310,5,89,253.55606929510105,1,0.3626890348201368,5.960968668954292
trial_310,6,50,228.8631272193748,1,0.3034550768085417,3.30875211190011
trial_310,7,587,354.05744049829303,1,0.35306733842948335,15.82677691010018
trial_310,8,70,236.32349293343546,1,0.31869890380443044,4.09699052804812
trial_310,9,224,358.80467460559646,1,0.27081110680027765,16.280811122260335
trial_310,10,212,347.74488086750716,1,0.36178596549643993,15.298881321384522
trial_310,11,250,313.39163993062573,1,0.38019919643688976,11.882615409267208
trial_310,12,158,-160.78360723788484,0,12.934816648205084,16.920732662501216
trial_310,13,79,279.22403037441757,1,0.27674870138500113,8.341629216981516
trial_310,14,133,363.6825713238165,1,0.23572751640556114,16.77274432887051
trial_310,15,273,343.1431490723286,1,0.2184659477550549,14.73133474374249
trial_310,16,75,295.0975830409945,1,0.3745939811118957,10.09470647676501
trial_310,17,81,284.9409245050608,1,0.38287597532003165,9.01100890754295
trial_310,18,65,238.49670005223692,1,0.22717932218272832,4.269436592184885
trial_310,19,353,296.3580137659872,1,0.24711256976069845,10.052019792138026
trial_310,20,325,-149.54576301634415,0,10.512677250008286,15.612437987057877
trial_310,21,74,283.6945944325208,1,0.3702312759586916,8.910834735576268
trial_310,22,154,328.25743167534495,1,0.3559617178895862,13.306933653917392
trial_310,23,136,-140.8355977719834,0,10.528633708211446,16.338659319166098
trial_310,24,142,336.1116836728038,1,0.300140461140472,14.106351002324018
trial_310,25,19,231.02102102417373,1,0.27141614539906456,3.5515685009780538
trial_310,26,133,275.0425779261295,1,0.37449808083616765,8.010568007429848
trial_310,27,85,317.58071225763035,1,0.23905210096581075,12.186110417140684
trial_310,28,129,265.5622254574696,1,0.3777268205569344,7.116469487189762
trial_310,29,154,327.0064908642855,1,0.32219398422041345,13.225500349411458
trial_310,30,297,342.14431114622283,1,0.2792537681549957,14.674232340008603
trial_310,31,78,227.55577346841704,1,0.21270059070020667,3.181177588361711
trial_310,32,131,325.87116270453487,1,0.35914158035546645,13.129594025942305
trial_310,33,45,268.2328601287279,1,0.39702802510980095,7.296355495053409
trial_310,34,41,240.91749664384014,1,0.3384122342183313,4.615340453126863
trial_310,35,61,254.5387074222924,1,0.3116095617212971,5.9124700990873365
trial_310,36,95,229.17430938813087,1,0.3867262544172018,3.4815018847367867
trial_310,37,202,298.1533014236444,1,0.23735726213784086,10.217270138887313
trial_310,38,132,240.15169687546978,1,0.3652664976442605,4.441790180880055
trial_310,39,141,326.62559467494196,1,0.23827746681474732,13.07356597858347
trial_310,40,238,332.62373629941055,1,0.3369089888121689,13.791537244332908
trial_310,41,448,-169.6923622574514,0,11.971811575735105,15.00127995517985
trial_310,42,270,399.3923980653614,1,0.36723279177308316,20.491433270451637
trial_310,43,103,278.866852613843,1,0.39421266477495076,8.44235947751772
trial_310,44,152,313.83912392148636,1,0.2728400978684428,11.83332302608161
trial_310,45,202,305.4642910287005,1,0.3874428232643726,11.089799637492085
trial_310,46,265,269.7757144097277,1,0.3183082831193919,7.461225574454987
trial_310,47,272,338.93569334471124,1,0.39319536431666635,14.326397584299631
trial_310,48,283,319.7483050459024,1,0.2028668833207637,12.379911687095891
trial_310,49,167,282.57561132096873,1,0.26580907596759484,8.70018233657163
trial_310,50,127,-132.60615446609634,0,2.635005706901472,9.314939298875935
trial_310,51,856,-109.39918126407782,0,5.135449488901041,14.171169043622232
trial_310,52,235,290.6136150074759,1,0.38580551697137,9.568740021767434
trial_310,53,292,-82.19683020695476,0,6.078580867256164,17.85943312112261
trial_310,54,154,303.59213181092576,1,0.360067625778651,10.916242243765428
trial_310,55,43,-172.74925994744075,0,12.54880891030286,15.411739425204386
trial_310,56,106,311.7794964570692,1,0.30760467184866214,11.715441823129922
trial_310,57,51,250.24099919264245,1,0.3956191679991331,5.618913009983684
trial_310,58,146,-124.680564862097,0,9.236265635322239,16.814389548658824
trial_310,59,87,301.4180132937343,1,0.3200880770092235,10.674053140461654
trial_310,60,58,242.3651141754775,1,0.26201256894052977,4.682158894765156
trial_310,61,60,286.946719162284,1,0.24163453672751212,9.119122040245733
trial_310,62,85,-147.08097811232057,0,10.401268356268034,15.690255304170313
trial_310,63,114,268.7375139000071,1,0.3709932400037745,7.413602804685652
trial_310,64,159,324.9998644726859,1,0.27205346390138485,12.957551795095998
trial_310,65,174,326.372824826748,1,0.38940680692619667,13.064804370116834
trial_310,66,286,350.7521658514513,1,0.36105869848194466,15.545774254883982
trial_310,67,143,279.54910616007976,1,0.3912997865977942,8.364025383749622
trial_310,68,85,240.74967453439046,1,0.3244278900998522,4.501297491793464
trial_310,69,52,259.7391541833203,1,0.3084318519125156,6.419323683248163
trial_310,70,101,295.7475142814519,1,0.35462328145635463,10.140506161935441
trial_310,71,115,290.1650535395082,1,0.3927714724440259,9.450091163802401
trial_310,72,207,-146.62768688137012,0,4.756680805542818,10.104087600751237
trial_310,73,123,337.598907234025,1,0.2528724553139552,14.204778193890665
trial_310,74,235,303.3065296323526,1,0.38065813096305856,10.737559928340596
trial_310,75,114,239.26861666299948,1,0.3696663325730539,4.46677301159024
trial_310,76,404,-61.59584928633552,0,7.468766531251067,21.320622147958655
trial_310,77,285,346.6802324293957,1,0.3925524955532055,15.224449507544753
trial_310,78,235,-182.06055495075063,0,15.792971140725374,17.664024206798103
trial_310,79,1000,-181.53446643120893,-1,14.871550713721975,16.718104070601083
trial_310,80,210,-90.00826138662346,0,4.445973277176289,15.451254098094815
trial_310,81,147,305.6318196004908,1,0.3903514371797137,11.107354231477139
trial_310,82,85,258.7497487953967,1,0.2747741160762888,6.354478434538764
trial_310,83,150,319.4115276161553,1,0.3303718190918265,12.423253376570765
trial_310,84,34,250.18980574583316,1,0.3943651371271458,5.436837144852218
trial_310,85,313,309.2258891031552,1,0.3858567067600796,11.433715085531158
trial_310,86,125,315.04901358564183,1,0.3605545319092348,11.981833996461482
trial_310,87,63,305.57950621382935,1,0.39838409129637675,11.112286795448602
trial_310,88,64,257.6542218803312,1,0.26926499853023445,6.199163740593014
trial_310,89,97,238.81717704300686,1,0.3084293858183094,4.360309693408969
trial_310,90,83,280.6687261310887,1,0.3487160099850818,8.605728564760284
trial_310,91,71,275.3485059818222,1,0.2528840345679363,7.955355295775409
trial_310,92,63,301.14275820219893,1,0.28234987042228216,10.598391473455896
trial_310,93,59,246.78525092946322,1,0.3779244417026748,5.2159937187163194
trial_310,94,90,330.6179939827122,1,0.22540625490209604,13.475899453232557
trial_310,95,178,342.8469826099333,1,0.31292302226965474,14.796268538189251
trial_310,96,128,256.50852610360516,1,0.3982758583823541,6.072634715916699
trial_310,97,196,327.8020559342609,1,0.3495219678719653,13.304408989806879
trial_310,98,163,305.3530988921289,1,0.3946879875495091,10.975733007500148
trial_310,99,83,280.13288242471225,1,0.25689493480687253,8.437097451378698
trial_310,100,158,281.19776747034575,1,0.28787397227662986,8.541857367602855
trial_310,101,76,-165.83622736865016,0,7.929242535740887,11.399637921507662
trial_310,102,188,-62.333879579457374,0,4.431175573257299,18.23712943285432
trial_310,103,151,355.8626372695245,1,0.2766616526827253,16.095903756345727
trial_310,104,173,331.7218595060019,1,0.28122010928538277,13.648340702716364
trial_310,105,154,-101.60798498906122,0,6.055821237243014,15.93185456981343
trial_310,106,118,-169.5775083305852,0,4.271231234250371,7.364038620719209
trial_310,107,25,246.4784584045248,1,0.3924725660977507,5.141475792042225
trial_310,108,176,324.7656228324967,1,0.2537378016772402,12.922973773109973
trial_310,109,160,318.41923350128434,1,0.38541820675464844,12.294525519556345
trial_310,110,501,-146.49241487092374,0,9.50975012899445,14.930996809362233
trial_310,111,118,276.2309843164381,1,0.2582588376799928,8.041585506941695
trial_310,112,98,276.62347959374756,1,0.31788883850853317,8.166696458357128
trial_310,113,347,-89.47461623194943,0,5.671158911287655,16.778343838802837
trial_310,114,196,332.67911040961656,1,0.3440399948837108,13.7349353811064
trial_310,115,57,253.75641686384876,1,0.3874252618927041,5.931293281675451
trial_310,116,112,-93.40472712932326,0,4.030708630783816,14.713943244891508
trial_310,117,142,-140.11848413838442,0,5.091916530964148,11.122716832575538
trial_310,118,152,320.9087681332202,1,0.27616882993893566,12.512172206373206
trial_310,119,88,254.13447200589007,1,0.32697153311278904,5.871459182553775
trial_310,120,50,251.0620255490167,1,0.32241523123868326,5.612262064016124
trial_310,121,118,350.62734731329283,1,0.20251248910321648,15.49916613856459
trial_310,122,99,340.58563463773237,1,0.3148488464116372,14.476225681719608
trial_310,123,155,-106.4949753928375,0,5.259118983571509,14.664596419191986
trial_310,124,79,256.98352468072596,1,0.39371994622136497,6.102269826423608
trial_310,125,186,-161.35759625334978,0,3.36418760732271,7.203144384943304
trial_310,126,85,277.2360655172276,1,0.2967182748604437,8.254994152866317
trial_310,127,175,299.0398931786574,1,0.39649575480668725,10.433281814286385
trial_310,128,175,325.14289609983393,1,0.29295545299420284,12.998250479995752
trial_310,129,64,-136.4577331496775,0,7.868951723136013,14.272668908765638
trial_310,130,23,227.51478891854728,1,0.35583327977556156,3.2566372168236226
trial_310,131,150,298.0556273303128,1,0.2641469724210422,10.208080133122822
trial_310,132,100,258.65638311136945,1,0.3974646027431295,6.272445880893903
trial_310,133,74,264.02520165121496,1,0.24829340758247254,6.848603759618552
trial_310,134,135,314.1792223160312,1,0.27535578188269294,11.882836581807219
trial_310,135,86,294.0361230944834,1,0.31591948663634406,9.875489753978172
trial_310,136,101,-129.81447552674933,0,3.3625880356883697,10.178208492588588
trial_310,137,87,-154.67232562034388,0,7.949668062438326,12.47211589378707
trial_310,138,167,293.06110943338024,1,0.3839510814439992,9.72592369566966
trial_310,139,152,246.54600068397022,1,0.35265040216067384,5.211860666976483
trial_310,140,29,253.90908354539636,1,0.3823867568092211,5.7915169131884925
trial_310,141,112,274.9264411731182,1,0.2252462613130764,7.896448048683098
trial_310,142,161,372.7102117000347,1,0.3920058563735505,17.86152889838869
trial_310,143,164,305.3867637225959,1,0.39813197234380593,11.14093606246667
trial_310,144,49,233.57417911245255,1,0.3244682881563856,3.8004325192110926
trial_310,145,120,259.5105725519879,1,0.36265184229692154,6.502216180674262
trial_310,146,187,332.7639637171744,1,0.24178215163757844,13.72110357187961
trial_310,147,124,274.3195813191786,1,0.33125371235967066,7.919652998181067
trial_310,148,237,330.909960179058,1,0.2918448556493369,13.52147093085119
trial_310,149,104,-107.79911771921947,0,7.383586022691412,16.662265412613834
trial_310,150,198,-45.219014320242394,0,1.1029192207805296,16.429212003452715
trial_310,151,39,276.18953594438346,1,0.37956356550695297,8.129976465373296
trial_310,152,177,318.94566060292345,1,0.38275426551012776,12.332568080979247
trial_310,153,175,332.27484269824333,1,0.3573010409481137,13.691173427228753
trial_310,154,143,326.10585776516774,1,0.3137020740755742,13.11885769768058
trial_310,155,86,311.56394223521585,1,0.29579955404633684,11.605745094007847
trial_310,156,155,-180.54872744177402,0,7.310989737486789,9.274373529026917
trial_310,157,61,-134.78241226000233,0,5.725194146814608,12.21585145328008
trial_310,158,19,227.34397630234938,1,0.39807515511724667,3.1506406645343152
trial_310,159,112,287.2998901479132,1,0.3815714192479642,9.327435424694427
trial_310,160,154,290.2959686092163,1,0.32714497309235285,9.54556046638803
trial_310,161,252,242.04304545630396,1,0.3086502201531347,4.728810657411125
trial_310,162,71,233.91246545575865,1,0.22936607877294993,3.7921711094890664
trial_310,163,144,266.53727224421476,1,0.33494680523790227,7.132999922431833
trial_310,164,130,286.82237876687356,1,0.3635535145128917,9.16711327544239
trial_310,165,185,344.475248418122,1,0.3800201977749238,14.882872447833652
trial_310,166,202,352.5160144148116,1,0.3856982696502105,15.710994104106184
trial_310,167,290,287.4863031474517,1,0.31095459499132594,9.211559816613759
trial_310,168,65,268.2043502901811,1,0.3245916758745056,7.295782564045675
trial_310,169,201,364.39437375834405,1,0.38778382161456165,17.04603711768536
trial_310,170,318,312.9173140494073,1,0.3505576233837903,11.841560729348865
trial_310,171,597,-166.0731006065289,0,9.164138847590863,12.648098333390962
trial_310,172,127,-150.58017876614258,0,5.261843169225076,10.23530766445425
trial_310,173,125,276.9705485874847,1,0.31135246286188517,8.103139593168391
trial_310,174,225,353.8408999082964,1,0.33647549355649314,15.945216545795493
trial_310,175,25,236.6645572035186,1,0.2872121707292737,4.162991163345712
trial_310,176,212,360.2689720820687,1,0.2685310631627715,16.471060920868442
trial_310,177,179,317.16386691455847,1,0.3926302446784919,12.305117182432118
trial_310,178,88,314.65826458119506,1,0.346505691296162,11.877306108607787
trial_310,179,48,255.2253888722218,1,0.3104210382082588,6.040329488972172
trial_310,180,184,318.84330082201785,1,0.3256134512163092,12.36779942528223
trial_310,181,185,357.301332783112,1,0.28332142477780026,16.19041092861717
trial_310,182,1000,-138.28151193392569,-1,9.794257978144838,15.96610678475225
trial_310,183,79,282.3254969227117,1,0.24784000885978003,8.66288050809926
trial_310,184,130,338.1889824140723,1,0.38162870986805447,14.24004933144395
trial_310,185,184,-158.49609231535558,0,5.385907540543527,9.783545149301085
trial_310,186,491,-103.38565444039567,0,6.031292854972771,15.711525502773165
trial_310,187,70,277.4301470279855,1,0.26578312139194943,8.172389808996476
trial_310,188,249,341.80938605750987,1,0.3824662514792486,14.692342338702305
trial_310,189,226,328.5516236527902,1,0.3826309512128191,13.449521563931967
trial_310,190,141,295.61658915684893,1,0.32453537862419035,10.083571919972853
trial_310,191,144,327.41864691842477,1,0.2849852576582571,13.182577929967385
trial_310,192,328,226.7410909005353,1,0.36936494295349104,3.0936055474096893
trial_310,193,36,246.347334006425,1,0.2508306621370847,5.061433524011424
trial_310,194,165,271.0553423379124,1,0.28612676883791793,7.542599676346248
trial_310,195,60,313.3848612046305,1,0.3699889080295548,11.745712409632295
trial_310,196,209,345.74117779864997,1,0.28769127214906,14.990570329742228
trial_310,197,407,-141.78341146037704,0,4.123209422414111,9.931691569870637
trial_310,198,100,312.1564195089173,1,0.19632126881989512,11.633717322328792
trial_310,199,120,241.49978004461815,1,0.2635704648446506,4.61657660435832
trial_310,200,79,298.6534679755398,1,0.369609983866237,10.416468693162726
trial_290,1,1000,-50.86952654245616,-1,2.6091785942174415,17.52222593997183
trial_290,2,41,249.4431766259749,1,0.36700688740364174,5.426380393210191
trial_290,3,1000,-131.96701117242532,-1,1.8290337022885226,8.632332585046
trial_290,4,41,237.7985431721376,1,0.3813460077885911,4.190914471499217
trial_290,5,913,340.26009095843744,1,0.3795693143961959,14.433614244997166
trial_290,6,61,281.5904473378032,1,0.3271247081907917,8.635448557766441
trial_290,7,73,232.1903789192008,1,0.38925911131129926,3.640897594099529
trial_290,8,60,269.4619476514641,1,0.34075727916510085,7.387525954090875
trial_290,9,64,-155.40543459847672,0,7.062741222142401,11.566285013553363
trial_290,10,62,-162.6259276912795,0,10.6653405689697,14.436050120032093
trial_290,11,1000,-179.7820220791612,-1,1.143607966461032,3.165405758544915
trial_290,12,166,346.1850533056419,1,0.37357108491777247,15.113861092830534
trial_290,13,1000,-182.75227858964433,-1,1.4065243912643883,3.1312965322999533
trial_290,14,1000,-94.26405336955389,-1,1.2633844936051464,11.83697915664978
trial_290,15,71,299.26154803264063,1,0.39977800792194507,10.45613981164964
trial_290,16,40,-174.31043713214532,0,15.619295313111751,18.23323084661557
trial_290,17,1000,-113.46923314616254,-1,1.2238221171539558,9.876898802537704
trial_290,18,87,278.24798638926194,1,0.3432059037879788,8.276149725479879
trial_290,19,57,271.2923370869896,1,0.29739591130713017,7.61705171496039
trial_290,20,171,340.0216054426927,1,0.33469794446346235,14.53166581595125
trial_290,21,61,275.6393805753813,1,0.29436450295179173,7.992815869731874
trial_290,22,1000,-80.4022880287366,-1,1.2545206922666001,13.21429188939295
trial_290,23,186,-78.77876150758858,0,3.8020196387862284,15.97640148796217
trial_290,24,89,318.1858903163295,1,0.382237105692059,12.262087323442728
trial_290,25,104,290.90871019578776,1,0.35401617906856375,9.52135464977803
trial_290,26,1000,-166.57500028554284,-1,1.1390735226800173,4.481573494125737
trial_290,27,1000,-65.86010313123128,-1,1.2875013407101483,14.701491027587014
trial_290,28,1000,-107.26276756582111,-1,1.8786521180064284,11.152375361424328
trial_290,29,165,371.1268880755291,1,0.3530469150950364,17.665228756140333
trial_290,30,1000,-159.32468339715265,-1,2.1874429556574624,6.254974615942201
trial_290,31,46,227.07901491779566,1,0.3481046605758016,3.155222656734708
trial_290,32,28,-148.78081222602492,0,4.149544251106049,9.449754626756722
trial_290,33,44,248.72994362765365,1,0.32966305221223796,5.359471833798144
trial_290,34,75,-139.9115879224346,0,10.572185367618173,16.610056034457497
trial_290,35,91,-106.6660494843156,0,4.10387728377548,13.471715091868663
trial_290,36,80,290.70348980929714,1,0.24744611360656218,9.499127566819944
trial_290,37,96,291.8741948987314,1,0.30309447141418483,9.600346485464659
trial_290,38,1000,-163.3118763822393,-1,1.5435206932663375,5.21233305504241
trial_290,39,37,230.45623072721907,1,0.39060088371640517,3.4482740875901983
trial_290,40,1000,-116.70014385653988,-1,1.0611094728008816,9.391095087146882
trial_290,41,34,228.4210916107546,1,0.37870620950957773,3.3913938023558567
trial_290,42,68,273.0481735077256,1,0.3741257409214093,7.850634638375798
trial_290,43,45,263.3518594321684,1,0.2886627827303966,6.811203989807899
trial_290,44,1000,-80.14573667243342,-1,1.3097361222230428,13.295162454979705
trial_290,45,86,283.1223089286044,1,0.2927085132424971,8.720870557360291
trial_290,46,36,-170.1671502142188,0,8.819720860469829,11.856162386374354
trial_290,47,54,261.2999106806971,1,0.38679285099994604,6.54551639859558
trial_290,48,1000,-117.29940223479089,-1,1.0220018818335965,9.292061658354513
trial_290,49,54,-170.50175238251086,0,7.469826781615201,10.451513887688096
trial_290,50,48,286.3529301968397,1,0.2986084488911039,9.127632973356299
trial_290,51,40,-172.82195199377202,0,12.099315500088563,14.84561165075936
trial_290,52,56,270.5229768097927,1,0.38775626838444216,7.522653595281299
trial_290,53,57,271.8206971756657,1,0.27273241630973194,7.651140933422052
trial_290,54,108,298.4239672784946,1,0.35059540153762164,10.247796004834749
trial_290,55,36,-179.00007218816262,0,3.843896984577818,6.1453990434261385
trial_290,56,64,261.3481851818292,1,0.3989802937704458,6.628822975859809
trial_290,57,82,298.0587174868639,1,0.38785308348166425,10.207050930109103
trial_290,58,84,319.3739022640797,1,0.38938356448554373,12.355963228066477
trial_290,59,65,252.25965763693887,1,0.37837521482779474,5.656815807967754
trial_290,60,138,323.47246962591305,1,0.3670707518711109,12.844537360913382
trial_290,61,70,272.149253783334,1,0.3470778033714735,7.668724951847953
trial_290,62,1000,-158.74209747053786,-1,1.385545147056143,5.511335400002362
trial_290,63,58,237.73333719355418,1,0.36523371770975377,4.253735867226905
trial_290,64,56,288.4830655745311,1,0.39950167542192816,9.342177491331485
trial_290,65,80,324.17305919399223,1,0.3220007222412475,12.832934595420392
trial_290,66,167,367.2784941639085,1,0.24558775739871383,17.147673834958002
trial_290,67,91,333.0376607139199,1,0.34025741801985426,13.7362565586869
trial_290,68,43,242.19715837952285,1,0.33741073815139744,4.6724075208523175
trial_290,69,44,-176.29361276491974,0,12.027145981536524,14.400663549692592
trial_290,70,1000,-163.8272602707564,-1,1.8115983938826723,5.42887236680703
trial_290,71,1000,-115.25450753675952,-1,1.2208660712279085,9.695415317551948
trial_290,72,108,-122.66423027774667,0,4.885190606733242,12.699837726469399
trial_290,73,138,343.3707156563811,1,0.369562915716784,14.774488880180142
trial_290,74,172,298.68721548277836,1,0.33717655629738275,10.329749757875211
trial_290,75,1000,-126.91655223367134,-1,0.9275610502966872,8.235905826929557
trial_290,76,1000,-161.41715265310978,-1,1.1366796322133044,4.99496436690232
trial_290,77,43,230.74339345113705,1,0.3866677729358396,3.500524838291532
trial_290,78,24,241.24290604865462,1,0.34877365411634625,4.589772138955388
trial_290,79,110,363.2026178949486,1,0.37163699100261366,16.826464066877577
trial_290,80,46,-167.7806951463205,0,8.420183395671115,11.670020964793995
trial_290,81,50,-168.95161253593034,0,5.655153739953181,8.774372168047169
trial_290,82,175,378.79880491195195,1,0.388481764225435,18.304438429092556
trial_290,83,967,300.94564509044847,1,0.39561848860628457,10.498237243497421
trial_290,84,1000,-164.26426795930513,-1,1.325032754425062,4.8986059584945485
trial_290,85,27,230.17059780619763,1,0.35749224339037494,3.498069649903145
trial_290,86,1000,-91.55334472885815,-1,1.6985170405892946,12.54318256770346
trial_290,87,130,-130.7413663843416,0,7.2164866850254485,14.17699003733406
trial_290,88,26,250.67629331535414,1,0.36052925377241135,5.586872582780128
trial_290,89,81,306.6613043359645,1,0.32960554822015636,11.195838955673839
trial_290,90,161,346.03257318682546,1,0.3491106599288256,15.103801014385956
trial_290,91,96,-105.81758646177927,0,3.9668384227356537,13.452819471718028
trial_290,92,42,258.8496059082658,1,0.3310069004751322,6.286205099304131
trial_290,93,59,260.535857268141,1,0.3940012604431854,6.57906563653967
trial_290,94,76,-166.67471652558666,0,4.037379213439505,7.419101987456598
trial_290,95,44,235.43591257958622,1,0.30243534388180643,3.9690236303670647
trial_290,96,90,316.6512380862993,1,0.35649710131775564,12.206004292101664
trial_290,97,128,302.82129437216224,1,0.3270357477465158,10.729987750603216
trial_290,98,76,300.42023117284725,1,0.3956988907759056,10.44666980852904
trial_290,99,86,346.98605056187444,1,0.36371516166967083,15.155658723876563
trial_290,100,59,259.61514192718784,1,0.39659619301300153,6.371118160264178
trial_290,101,71,-122.77877690658995,0,6.459140297492669,14.196872463798206
trial_290,102,79,290.684011483959,1,0.3451974198498649,9.511235918540804
trial_290,103,91,327.48553435972923,1,0.3115498713701907,13.149986838245894
trial_290,104,55,235.12473534964568,1,0.39798350567246793,4.098929660458538
trial_290,105,110,364.3101949470163,1,0.3994481052271493,16.863934523759138
trial_290,106,45,226.16140949434802,1,0.38865584560071,3.0359420115114535
trial_290,107,50,-130.65715248599105,0,3.509599850046374,10.499454845821644
trial_290,108,1000,-104.37402555617955,-1,1.8215577042474829,11.384155148629524
trial_290,109,194,318.4225773841708,1,0.3278427333669396,12.26703293147896
trial_290,110,1000,-124.56747663738511,-1,0.9426848835068536,8.48593721976836
trial_290,111,52,-169.56101972944705,0,7.93191243779337,10.978479795006066
trial_290,112,129,305.1976549174175,1,0.396551592960626,10.929333752231884
trial_290,113,1000,-110.23908738290629,-1,1.0317733687904538,10.00786463049982
trial_290,114,32,236.36548601295985,1,0.33145300479310585,4.129680414585216
trial_290,115,1000,-147.47619859445814,-1,1.3005376061524587,6.552917746706644
trial_290,116,1000,-128.7664627637888,-1,1.1803467039120985,8.30370042753322
trial_290,117,51,231.88743946837837,1,0.39860165171339434,3.6490694787507496
trial_290,118,1000,-99.74264299014915,-1,1.0466661105889226,11.072401811574
trial_290,119,63,271.97224245481567,1,0.3944428063372066,7.6051441632933745
trial_290,120,1000,-152.6375577345547,-1,1.1379227211229772,5.874166947667512
trial_290,121,1000,-180.0480317500835,-1,1.8443773127612577,3.8395741377529045
trial_290,122,1000,-121.90622674006501,-1,1.1892845217135264,8.998661847707016
trial_290,123,62,288.0244896686393,1,0.3792188441257168,9.2280530759766
trial_290,124,1000,-141.4202477763402,-1,1.0721020178644358,6.930077240230423
trial_290,125,143,369.8633068543709,1,0.34895349953340526,17.410338811341038
trial_290,126,47,235.50028016400853,1,0.3797008300730283,3.9797909940845666
trial_290,127,78,310.7120918079276,1,0.2708464101316372,11.512755487985897
trial_290,128,31,252.9130393533937,1,0.26050227030473333,5.741286571490399
trial_290,129,59,259.0593563035846,1,0.3997780790432469,6.317934155877187
trial_290,130,33,-178.24063939658234,0,10.144290894263086,12.340411610715337
trial_290,131,63,-164.10431028658294,0,10.552359470161097,14.305666127953366
trial_290,132,104,-87.99488794984482,0,1.0593105564150365,12.21910791608835
trial_290,133,48,231.28635075893138,1,0.3649494183573752,3.53123436220163
trial_290,134,77,295.0003464278132,1,0.3164817617229937,9.918793149367112
trial_290,135,1000,-74.9786539454124,-1,1.2673631273568309,13.769497732815571
trial_290,136,1000,-156.79461717619418,-1,1.553964366240327,5.874502648620897
trial_290,137,57,280.68202446070427,1,0.3499136621538425,8.567817475959675
trial_290,138,195,250.05845880320544,1,0.3272653609585937,5.414497430460427
trial_290,139,115,283.11818740264926,1,0.2849872296668351,8.793109269793089
trial_290,140,37,-171.0836247126176,0,10.998711679181907,13.966806601232447
trial_290,141,1000,-121.289698117281,-1,1.7728779101615784,9.643908098433508
trial_290,142,1000,-186.13263477871521,-1,1.9766923473330849,3.3634288694615657
trial_290,143,1000,-87.71401887341426,-1,2.2538497120576864,13.482447824716282
trial_290,144,76,303.30451709929946,1,0.30578091699478516,10.760920323224381
trial_290,145,48,255.2162946739744,1,0.33812400797139525,6.039900846778699
trial_290,146,1000,-175.24228690762692,-1,1.3634332535806748,3.8392045628179763
trial_290,147,86,306.42532469472764,1,0.39526473549918856,11.178969678240552
trial_290,148,110,299.90908354908396,1,0.35817714404146545,10.461033445527157
trial_290,149,1000,-117.71185177929007,-1,1.541148941717777,9.769963763788759
trial_290,150,121,341.645970891816,1,0.37185029094310307,14.710442375882673
trial_290,151,1000,-136.3848870181351,-1,1.967600313242268,8.329111611428747
trial_290,152,1000,-182.93914438244693,-1,2.1983712106076143,3.9044567723629218
trial_290,153,1000,-115.16256395599724,-1,1.606937514047481,10.090681118447757
trial_290,154,112,340.1605890078664,1,0.3862599080340796,14.474105840048232
trial_290,155,40,256.82880205214093,1,0.37541171550665475,6.2642623574282315
trial_290,156,126,302.3057658038379,1,0.31141340401827144,10.652940456790038
trial_290,157,111,358.9519389610915,1,0.37892066527681906,16.32864066661901
trial_290,158,130,290.471836712581,1,0.3050155619704161,9.489874465719613
trial_290,159,87,-113.42814597233439,0,4.591072951685424,13.276086225208607
trial_290,160,105,323.4586868116715,1,0.38762467552947266,12.751841590822053
trial_290,161,117,-118.14354192750532,0,5.528421154151587,13.730146034346669
trial_290,162,1000,-121.298052003489,-1,1.5517934514262457,9.421988251077341
trial_290,163,60,-145.0290636489953,0,4.5567750755493215,10.080040184885368
trial_290,164,100,281.2523483253052,1,0.33462660072064965,8.646991773620067
trial_290,165,87,320.21176182776315,1,0.21712721813150906,12.435194107105108
trial_290,166,87,285.0127927235605,1,0.3668788988742667,9.034238705498582
trial_290,167,42,248.1003089627762,1,0.31593131381400247,5.340149446825833
trial_290,168,151,338.48665153793047,1,0.39163371852494816,14.271971668446305
trial_290,169,1000,-66.06877317932202,-1,1.1641644623199574,14.557287144387754
trial_290,170,77,301.3001119163896,1,0.33635367783292647,10.56251552337609
trial_290,171,63,255.73932216947782,1,0.3822543605179853,6.0900827883662005
trial_290,172,97,294.5106861939479,1,0.37987444449969704,10.029281855858358
trial_290,173,45,-163.5581119766583,0,3.770568064905452,7.483820398242466
trial_290,174,215,255.77633178576784,1,0.3591017406431469,6.0194972670763445
trial_290,175,146,357.94882618280116,1,0.39071252689033176,16.32114616565946
trial_290,176,208,-59.41665487882648,0,1.4002631957816936,15.278595843634456
trial_290,177,53,-180.95499276099028,0,10.227220908592596,12.156216590048233
trial_290,178,104,-172.19722243815065,0,4.561317791653199,7.385954698150323
trial_290,179,1000,-89.17235900985597,-1,0.7960871930353018,11.878851292049733
trial_290,180,1000,-156.73194738048278,-1,1.3076007492936637,5.634406011245371
trial_290,181,94,290.41596564946434,1,0.3207550411378522,9.482041549521421
trial_290,182,54,240.96935181004062,1,0.3839655786183952,4.545757452702667
trial_290,183,70,247.2333916268394,1,0.38494635634862445,5.1236094844659705
trial_290,184,120,339.6384659462776,1,0.38009031606127613,14.366353389075304
trial_290,185,1000,-196.7026151043628,-1,2.677446163577352,3.00718465314107
trial_290,186,175,-83.55789087327155,0,5.305502000790046,16.964957599138447
trial_290,187,1000,-109.09846750508515,-1,1.4258150523998019,10.515968301891293
trial_290,188,46,277.8337206780576,1,0.38661284306055593,8.357529841972964
trial_290,189,188,-116.01073203981673,0,6.776932076514199,15.22632648194856
trial_290,190,75,297.29897790853806,1,0.34661296255614443,10.244142446072251
trial_290,191,28,233.50126295095728,1,0.3490369213331081,3.902774364095483
trial_290,192,266,353.5776613297227,1,0.30723686600175293,15.798411504638203
trial_290,193,47,228.53471490045789,1,0.35352616998433983,3.328870611911181
trial_290,194,58,-185.19217586194478,0,7.647026509647392,9.189543316233568
trial_290,195,114,-130.50550594427307,0,7.362164139105383,14.322886119911313
trial_290,196,90,301.7840023480136,1,0.3774537095863072,10.683332021619488
trial_290,197,378,284.97013174104364,1,0.3358510724138503,8.951772631727948
trial_290,198,44,243.76740071203938,1,0.3745243465130311,4.935059597623172
trial_290,199,1000,-151.23799569476108,-1,1.8395885092539526,6.715788939777838
trial_290,200,58,245.0369255035107,1,0.39891416129745794,4.91164150480369
trial_490,1,504,273.41687739191866,1,0.39237734869079616,7.860347074554021
trial_490,2,73,-161.4456106478368,0,7.607246980331569,11.467919436743903
trial_490,3,290,-168.24523205246857,0,4.393969978040237,7.663435590683044
trial_490,4,266,-152.51623988325912,0,7.1616471739359175,11.934442195843252
trial_490,5,69,301.94407173603986,1,0.38735207959362944,10.63187089213538
trial_490,6,140,-145.21430109376368,0,4.459093358517391,9.983680352953057
trial_490,7,1000,-94.96435135542342,-1,4.906011520885716,15.40957638534338
trial_490,8,65,294.53075961557784,1,0.3860695983258235,9.90733029609428
trial_490,9,36,-196.27202797698774,0,12.011727838299082,12.446944254333113
trial_490,10,161,282.1133609924341,1,0.3761238041813838,8.665510694276339
trial_490,11,127,258.7929817193728,1,0.3904229432100969,6.404613100770608
trial_490,12,83,-200.33107001988975,0,11.087863390941584,11.094610845963459
trial_490,13,348,259.72038717340564,1,0.3504618092039614,6.541407455677817
trial_490,14,201,355.77332899542927,1,0.386113330362871,15.996684205240953
trial_490,15,387,-245.69056949204008,0,13.087349534660968,8.451604089700554
trial_490,16,127,-158.68099693364303,0,4.732277762423888,8.867920174455497
trial_490,17,144,309.65653942518895,1,0.27660566732677166,11.3693956743774
trial_490,18,109,264.64335795984965,1,0.3368136262132988,6.897844557741621
trial_490,19,186,-167.150457010768,0,7.234939647704039,10.581048564295182
trial_490,20,1000,-117.02288612282705,-1,9.359267545822858,17.656978933540163
trial_490,21,186,-95.54751843756651,0,4.561391034165423,15.009630919026435
trial_490,22,1000,-92.90688865529678,-1,10.064066640169273,20.77337777463959
trial_490,23,105,282.769743732307,1,0.3514553855180627,8.694923366758593
trial_490,24,388,-109.41384209382824,0,4.826256595546353,13.902904714118268
trial_490,25,447,-104.91331639648187,0,4.162464839051849,13.70845001365419
trial_490,26,86,-130.3857034763409,0,8.804237456998907,15.788751753897435
trial_490,27,250,243.32768151101286,1,0.3886379455376437,4.741271858721081
trial_490,28,1000,-317.3643983728829,-1,16.651453964796886,4.91501412750859
trial_490,29,89,-158.63468204812486,0,3.601896171194685,7.72828867773922
trial_490,30,205,289.2076949228938,1,0.36837383953669384,9.321522144339173
trial_490,31,156,393.31902970334966,1,0.3413931543275812,19.892394129866318
trial_490,32,107,321.7545149874492,1,0.362255192152001,12.57745668667818
trial_490,33,212,225.85378009884437,1,0.3844511322515968,3.015101365176998
trial_490,34,583,-182.91277474686956,0,7.936072072486602,9.656173408471298
trial_490,35,481,255.15852402985752,1,0.3863928069037762,5.928767460731108
trial_490,36,492,396.0499456448515,1,0.3791734265239881,20.100375238688407
trial_490,37,1000,-210.68795916238813,-1,17.856162319594475,16.787366403355662
trial_490,38,274,318.4013428438884,1,0.39371843678563445,12.287728793875516
trial_490,39,388,259.3390059501827,1,0.39644093513172807,6.346840369669323
trial_490,40,553,316.89181415750505,1,0.3980721298929744,12.097604546220966
trial_490,41,144,-128.95963794396766,0,4.221293692238155,11.358791629320413
trial_490,42,260,326.3853082094386,1,0.3749987222648909,13.040877627386374
trial_490,43,528,286.0462640374549,1,0.3895361237928996,9.015928363441676
trial_490,44,99,301.3903655329607,1,0.3296886805737402,10.633351666604895
trial_490,45,427,-117.09772171187207,0,6.4970509133436165,14.82575926819112
trial_490,46,98,-234.1569188841268,0,12.33031985694829,8.889678239306477
trial_490,47,74,-172.60123131731626,0,5.055802860039375,7.983597578279512
trial_490,48,239,372.8358548076884,1,0.3401459734353878,17.68392412688237
trial_490,49,273,299.12508110132217,1,0.38816272833627224,10.314990571681511
trial_490,50,191,317.8654873398451,1,0.39005025866579385,12.204802900079125
trial_490,51,84,230.16757764329066,1,0.37561053096115493,3.481051135882069
trial_490,52,411,-129.75378417177063,0,3.96262074062649,11.030407464661334
trial_490,53,550,-292.2098124334007,0,14.91642734215046,5.67960841289652
trial_490,54,140,233.32446535009873,1,0.36015332610716805,3.774670852428747
trial_490,55,441,371.1225565585478,1,0.3856133652344431,17.515165398828472
trial_490,56,68,-201.21437109138753,0,5.075438633988648,5.058317330528502
trial_490,57,122,287.22626800052615,1,0.39541907363465106,9.123796211156709
trial_490,58,216,309.0921826218556,1,0.3912990371353378,11.42807179263711
trial_490,59,56,-196.69108790984322,0,5.212809682934483,5.537490831874388
trial_490,60,35,263.85085438572355,1,0.37984267106906106,6.913043700055142
trial_490,61,110,312.0214153150422,1,0.38602335926594405,11.611028293267626
trial_490,62,483,-238.0652174318202,0,12.06225718520183,8.311584935282008
trial_490,63,88,262.48346914455385,1,0.3794927638194415,6.673581359680165
trial_490,64,43,-204.85466370413408,0,5.496409225721091,5.034827370552875
trial_490,65,176,320.1397559295042,1,0.3355892031076216,12.46838963502015
trial_490,66,1000,-199.84841977060884,-1,17.6362316957143,17.651389718653416
trial_490,67,672,351.8265738373077,1,0.3036151718484129,15.614310743025246
trial_490,68,71,247.41236912403153,1,0.35118811002782296,5.141493897836741
trial_490,69,362,-108.5333954978061,0,4.131620863370413,13.330595619248584
trial_490,70,80,229.14147266766923,1,0.3920932898644708,3.334665195728502
trial_490,71,231,-97.80962699356479,0,6.7698049856770215,17.05584590040561
trial_490,72,48,-197.1784781937783,0,4.165291693674015,4.464245520238814
trial_490,73,422,-233.6613890691239,0,12.944056524181136,9.50294998979095
trial_490,74,153,308.91563106625085,1,0.3912528974713322,11.340928274932377
trial_490,75,43,-212.88662163474174,0,7.4514848729967795,6.161872675858537
trial_490,76,135,269.93807347623596,1,0.38248531434340044,7.395529086973535
trial_490,77,195,-110.65646784620523,0,3.9278686130780107,12.93954832867949
trial_490,78,345,251.76949272715342,1,0.34805766023112095,5.594405251690613
trial_490,79,231,328.4540248823267,1,0.30725475223467147,13.340107925361453
trial_490,80,267,281.8633178110758,1,0.38369543476721596,8.678382735382105
trial_490,81,77,239.07884309179965,1,0.39835173974024757,4.332964150542768
trial_490,82,218,313.51967272400896,1,0.39816417173931135,11.759661544205871
trial_490,83,84,263.7461612150667,1,0.37881692660680494,6.7796989689354294
trial_490,84,45,-225.15921595029647,0,8.85331698901607,6.334228084865598
trial_490,85,576,-127.59058767536233,0,6.027733392932932,13.258185551327605
trial_490,86,76,-185.28613192967413,0,3.9695151043238512,5.481783622921538
trial_490,87,119,270.8849062895057,1,0.39503031205088146,7.489858449187715
trial_490,88,380,279.3958067015185,1,0.392394003421159,8.386193254367166
trial_490,89,977,240.81124120621564,1,0.38918114531031567,4.503283554013899
trial_490,90,1000,-211.01398726601198,-1,13.237295922710143,12.135897196108946
trial_490,91,210,-245.08217306396486,0,14.589685341745845,10.076896920839163
trial_490,92,468,-217.87627074985065,0,15.348956073813984,13.570310341883719
trial_490,93,526,307.3781280124956,1,0.38700220861528173,11.1477776235697
trial_490,94,50,278.514106124639,1,0.28271364160501516,8.306297107487795
trial_490,95,57,-189.94189321716644,0,6.223573998827212,7.2681670595120895
trial_490,96,32,258.6187380324824,1,0.36321019632379065,6.373683906715697
trial_490,97,41,-153.410222600663,0,4.874946564267951,9.562472470820284
trial_490,98,123,343.6155226248476,1,0.36021006219261653,14.858295801812517
trial_490,99,119,287.9053685082927,1,0.3965413219197287,9.239914558831744
trial_490,100,263,278.9360189854927,1,0.33928778013802297,8.434743444677965
trial_490,101,464,-158.3090174221971,0,6.810368438149915,11.028586864824769
trial_490,102,593,-153.14644222646882,0,5.532834172754705,10.202052419584986
trial_490,103,915,-157.04613932042508,0,16.452081506387316,20.745061442436295
trial_490,104,392,-226.38331483663433,0,11.967874984794221,9.291759934800055
trial_490,105,848,-181.78731843168038,0,14.430227402102114,16.277165501690018
trial_490,106,266,260.5611913731959,1,0.37355565156816783,6.500327274312623
trial_490,107,105,306.64263468215444,1,0.3568115613626968,11.139772779254695
trial_490,108,436,-148.63179135693082,0,9.22369510768968,14.374199244324023
trial_490,109,158,267.1118384470975,1,0.38188188195277883,7.1158585824821134
trial_490,110,456,285.3051249682236,1,0.38233075340432676,8.943602619386176
trial_490,111,660,369.9702477753625,1,0.3762643402623768,17.437295544681174
trial_490,112,114,285.9119793309489,1,0.3839299019842705,9.00436033333506
trial_490,113,276,-177.8382537802331,0,8.151396492425977,10.384015766780156
trial_490,114,140,-82.86951106797581,0,4.626173755255691,16.37369103651359
trial_490,115,174,257.17051247446335,1,0.39511791632714194,6.146949146835904
trial_490,116,422,384.83420047538993,1,0.36376192777928185,18.91538925138816
trial_490,117,246,285.8998722057754,1,0.3408164842493179,9.018440492484125
trial_490,118,98,230.32985267573352,1,0.39926613630087276,3.4374781097630533
trial_490,119,192,-160.56995337518669,0,5.020616490232202,8.931435005128254
trial_490,120,99,-212.4045471390842,0,4.598534076945668,3.3736945592119922
trial_490,121,189,271.4998572730312,1,0.3918795716117771,7.597578667196454
trial_490,122,332,252.68456591467958,1,0.35198802394473916,5.6894242232152665
trial_490,123,1000,-198.88915449234426,-1,10.942977227468711,11.054061778234285
trial_490,124,200,325.7938373693195,1,0.3958624989046669,12.988399021413956
trial_490,125,291,-148.843630778624,0,4.513610545910417,9.631977334371745
trial_490,126,80,-207.22132764478906,0,8.66691103412598,7.9845483783493165
trial_490,127,189,338.4732765995675,1,0.3775091930758398,14.274425514414114
trial_490,128,73,-180.4038851554323,0,8.203584006240442,10.368605603566543
trial_490,129,121,269.5042466984615,1,0.3684254332894408,7.371623340979738
trial_490,130,486,320.5049406131895,1,0.3639851566241177,12.46008456934497
trial_490,131,120,319.38737939253804,1,0.34313411691025847,12.347576343540194
trial_490,132,80,240.94607148245424,1,0.3788551280409623,4.586108553373806
trial_490,133,30,231.16180905269474,1,0.3837718267073457,3.5816737943377923
trial_490,134,566,325.6881556809233,1,0.3970326284261492,12.972502442666412
trial_490,135,181,272.7943609829246,1,0.3378382113560875,7.708751210779919
trial_490,136,303,303.6022610895387,1,0.36595614467978216,10.800385176298583
trial_490,137,341,241.34315950805671,1,0.36890616549958255,4.647992871563952
trial_490,138,178,301.19486222770684,1,0.3582914047456384,10.662104898758784
trial_490,139,596,276.96240571323955,1,0.37287177935824833,8.14500176190221
trial_490,140,19,229.94398064733764,1,0.37954021186848824,3.5490470924545567
trial_490,141,137,341.33310799089475,1,0.349303808161392,14.615036052911016
trial_490,142,283,-217.51879052707307,0,12.435003116812958,10.662179584485441
trial_490,143,839,-96.77148086783056,0,5.949324119677257,16.281394326437695
trial_490,144,65,236.12677998550134,1,0.3896119129262874,4.057072035862055
trial_490,145,299,-221.1854337577959,0,7.946421566013993,5.853812795765491
trial_490,146,112,339.79098298776864,1,0.22489460037128528,14.436306732979638
trial_490,147,181,302.8788740402973,1,0.302726408213726,10.79789004032594
trial_490,148,47,253.48781862660215,1,0.25869624426907045,5.759371671583678
trial_490,149,55,266.65906010819555,1,0.38054498720792956,7.115676646651499
trial_490,150,682,-141.85403202113133,0,11.469824280451464,17.303063293581324
trial_490,151,111,262.647315321537,1,0.38473292782060003,6.690026094490288
trial_490,152,221,337.8944563694956,1,0.39506515897456523,14.38165292538628
trial_490,153,411,355.6176216211986,1,0.35333878530788093,16.046709878465172
trial_490,154,272,-235.90969283667704,0,9.610406815696328,6.023415993312062
trial_490,155,125,293.8063923219989,1,0.390588229546806,9.783893463288475
trial_490,156,42,-169.31072088574712,0,10.366139271812225,13.466980363400502
trial_490,157,137,-207.20051289513532,0,4.491118416005902,3.7764304911416335
trial_490,158,1000,-199.33386591406023,-1,14.76348865158571,14.830102060179687
trial_490,159,122,246.36739155709859,1,0.39933567193335767,5.055984405188787
trial_490,160,24,-171.38847021723552,0,6.445821317128523,9.31401767846691
trial_490,161,554,-124.93398462964818,0,4.50689449054305,12.015817215022855
trial_490,162,1000,-196.1075936933492,-1,15.025985522382616,15.415226153047696
trial_490,163,73,315.4507755681632,1,0.3863000729967723,12.11722813948602
trial_490,164,146,-179.06047257310928,0,4.088077121261404,6.214652107799527
trial_490,165,239,235.17984878014877,1,0.37530747581176577,3.9209514441641833
trial_490,166,108,349.4974169836185,1,0.3628387999063641,15.394567459040141
trial_490,167,151,-148.2396008396015,0,7.388131045944603,12.618828001934617
trial_490,168,171,314.2134926033151,1,0.38998272669983175,11.907223237047678
trial_490,169,191,241.47837193473336,1,0.33638380575970506,4.568684243450887
trial_490,170,371,240.80308223780273,1,0.2704431351564198,4.500194483933708
trial_490,171,97,-160.6958627345278,0,6.613389808699538,10.557237740994795
trial_490,172,527,325.8524575185915,1,0.37834832366019977,12.98657271467142
trial_490,173,274,269.66353599294746,1,0.3946562997699423,7.43124534340364
trial_490,174,56,-201.87577097879318,0,11.141460977988487,10.95548725950975
trial_490,175,82,-163.35036437477376,0,8.107200217823229,11.951639232384775
trial_490,176,315,277.1189009253529,1,0.29343819061738996,8.150821370962076
trial_490,177,385,-210.4257050422707,0,5.112172207148636,4.13527169883495
trial_490,178,344,327.82249751650534,1,0.31433096526770143,13.213615665009405
trial_490,179,228,-200.15057264214272,0,6.569434045959113,6.517195487239172
trial_490,180,156,269.21918356705527,1,0.3947249100307454,7.336909084881957
trial_490,181,44,-181.84759167044075,0,7.282926005579051,9.135702891475493
trial_490,182,35,-196.18775901991245,0,4.214101410736929,4.630825050658756
trial_490,183,257,282.2451768496735,1,0.36465331484422975,8.678628433465729
trial_490,184,234,306.25401494725804,1,0.35810598414222494,11.037488789489789
trial_490,185,78,325.5054936387456,1,0.3986326340882493,13.18734260574697
trial_490,186,75,-171.06338593775962,0,10.168664102646574,13.034496042583559
trial_490,187,188,295.9972915497458,1,0.38034110901201945,10.01877719938836
trial_490,188,682,246.42156111712586,1,0.39133438669101345,5.077366461306866
trial_490,189,58,288.56778996697545,1,0.3023472944756113,9.277389687894749
trial_490,190,281,-133.28743159628016,0,3.9233481615795953,10.489302496916597
trial_490,191,129,284.9405293976855,1,0.39668841822269146,8.968810127071395
trial_490,192,1000,-185.06501491441796,-1,18.66627361650044,20.159772125058645
trial_490,193,1000,-204.64824299631925,-1,18.43184611976206,17.967021820130135
trial_490,194,209,-151.61273298370304,0,3.236911228276238,8.170788383840508
trial_490,195,45,270.1116671087789,1,0.3293655334345435,7.493734009892928
trial_490,196,1000,-204.55960604963985,-1,8.029824568996114,7.573863964032128
trial_490,197,162,337.8708189599905,1,0.2625459564580894,14.203393061819089
trial_490,198,149,-157.378763626546,0,8.332513935064732,12.619570328911522
trial_490,199,193,339.38974723229285,1,0.3839170396253046,14.388130572729057
trial_490,200,114,-73.20801621573405,0,4.060790997592971,16.767493176572728
trial_150,1,1000,-141.53772862930256,-1,3.864620200953978,9.71084733802373
trial_150,2,30,258.96539222964094,1,0.3681495264064841,6.464164473330962
trial_150,3,96,-199.7497510590207,0,4.539552273385556,4.545796025467875
trial_150,4,1000,-122.95307280641305,-1,5.428414248695197,13.133106968053898
trial_150,5,115,-205.70253141810446,0,10.809164617977336,10.183515430418593
trial_150,6,452,-226.83771377399955,0,6.362008006063012,3.7088538228897563
trial_150,7,796,-137.13186473427868,0,3.5704112115049793,9.790748475762712
trial_150,8,577,-174.2809856031279,0,5.214018815454729,7.732414548709762
trial_150,9,81,291.6263145428193,1,0.36482014417915987,9.59867447186822
trial_150,10,36,259.31032035557416,1,0.306131259759009,6.333284434560059
trial_150,11,992,-246.25052657230952,0,8.480195647758908,3.8228772710083043
trial_150,12,75,-100.70505905058111,0,4.972951486656652,14.958213345404928
trial_150,13,151,-227.50311418312288,0,7.803507495870599,4.9975013714693555
trial_150,14,1000,-261.70533037617804,-1,9.933873449664365,3.7633404120465612
trial_150,15,1000,-134.9095382301636,-1,4.865780221767381,11.374826398751026
trial_150,16,356,-228.05901815531672,0,12.441536757422563,9.788920496758474
trial_150,17,430,-153.77855565592972,0,4.870952490720001,9.457657909307757
trial_150,18,126,-96.65996731447734,0,5.172316859434164,15.724182688223136
trial_150,19,122,256.0686679207181,1,0.3809022598589799,6.057728222830627
trial_150,20,642,-136.4359086294677,0,11.354446237496177,17.87981009288734
trial_150,21,1000,-117.81331955248609,-1,3.8747189817307346,12.093387026482116
trial_150,22,264,-187.08834710225034,0,9.34183904905636,10.664455045274833
trial_150,23,236,-248.4909209312451,0,9.508458899189417,4.638799215395617
trial_150,24,345,-221.79183396856396,0,13.626391488414923,11.448384560056702
trial_150,25,99,-113.08747088550797,0,6.695973555027803,15.40643451190487
trial_150,26,224,-222.26710958861872,0,8.079058281154598,6.039739239099087
trial_150,27,49,-154.0267393410706,0,11.128301234359002,15.718494888012243
trial_150,28,814,-205.81532361920873,0,6.567139958458433,6.185129882326133
trial_150,29,420,-86.90627758383833,0,6.686069314084439,17.95843280268896
trial_150,30,1000,-191.47122577818695,-1,8.678700526285908,9.5315779484672
trial_150,31,148,-201.56489012176783,0,9.542809154027301,9.355929376330316
trial_150,32,714,-207.09713192062895,0,13.191837742868547,12.441942159134198
trial_150,33,60,-203.89355245681884,0,11.15021609708182,10.77067771716806
trial_150,34,1000,-167.51532377912574,-1,6.120955082779895,9.369422704867317
trial_150,35,349,275.5387948332038,1,0.3972229156120607,8.08095137392755
trial_150,36,582,-222.65084717293652,0,8.512927359907271,6.160191952809608
trial_150,37,405,-236.29360368955875,0,8.290055170933075,4.616386761743671
trial_150,38,165,-132.1528465836206,0,4.345138619976111,11.124347910141324
trial_150,39,226,-119.79294029195235,0,5.761481928165618,13.781449485313752
trial_150,40,154,311.90338388038947,1,0.38583921456202813,11.655764687639303
trial_150,41,223,-151.95460634218244,0,4.86080703562731,9.628865920471915
trial_150,42,392,-188.37691087084718,0,9.63915190737949,10.971015879466883
trial_150,43,87,-108.1603287813812,0,4.1813339472181275,13.590063924557994
trial_150,44,312,-223.2359261461704,0,5.6675686953013935,3.520976471994039
trial_150,45,1000,-149.8662549857827,-1,8.261944083075898,13.275318584497635
trial_150,46,329,-219.02464013610043,0,10.809818703137557,8.91222228625131
trial_150,47,397,-167.05198712083256,0,8.374153242151666,11.608158884994578
trial_150,48,319,-172.62348071884475,0,5.411725585190668,8.300345628037446
trial_150,49,27,-177.45057669080188,0,8.67536455347333,10.92619078719558
trial_150,50,1000,-163.20511657502473,-1,11.766756088298152,15.446244430795685
trial_150,51,243,-298.01503755734797,0,12.985164710205112,3.1899902311267367
trial_150,52,36,-161.92260055787793,0,4.754119191633091,8.739193279474188
trial_150,53,18,232.92294802587563,1,0.38235554053488263,3.821431598664386
trial_150,54,76,-144.83904117158954,0,4.507858361624793,10.231916711337904
trial_150,55,439,-244.96828402811042,0,8.310597861380515,3.9967685895860505
trial_150,56,367,316.05981899814293,1,0.3319529155319593,12.044837345202458
trial_150,57,36,246.2876763144368,1,0.329550515323757,5.038009249590311
trial_150,58,1000,-177.4667649914183,-1,9.986577982259323,12.23990148311749
trial_150,59,182,-241.26269892771836,0,7.262669530957746,3.1592270924362627
trial_150,60,276,247.68413261398172,1,0.35379117010137656,5.211460109753153
trial_150,61,97,-171.48741904912873,0,9.780750334032104,12.838043781624632
trial_150,62,106,-218.304114611822,0,9.94083702647086,8.089703441391327
trial_150,63,365,-187.359446578911,0,4.471359923306858,5.712954942412871
trial_150,64,1000,-153.37849350365124,-1,6.032282089212043,10.694432738846931
trial_150,65,321,-208.02446074460195,0,8.704492717376315,7.90124652329598
trial_150,66,113,343.9737162312989,1,0.3189162365553549,14.87168704950311
trial_150,67,1000,-263.24862671371466,-1,10.73060327606086,4.4057406046894
trial_150,68,252,-136.7813992903359,0,8.07559596034926,14.392635841031955
trial_150,69,88,-228.1300007089222,0,7.940150810475349,5.114560590281132
trial_150,70,30,-158.89610033506273,0,13.326904255467483,17.46432078353407
trial_150,71,161,-199.17097415554846,0,5.569412861730511,5.651844997632909
trial_150,72,258,278.84977248469767,1,0.33673366664446686,8.294775890961343
trial_150,73,176,353.9789502389631,1,0.3913382684092439,15.942843565367944
trial_150,74,286,-153.0404993830905,0,4.612270932493667,9.361312134628829
trial_150,75,147,-168.238391219736,0,4.842632347896145,8.011947036000265
trial_150,76,228,-165.53508105362306,0,7.453037212994423,10.843176436555009
trial_150,77,190,-248.8384557354316,0,13.691385945182278,8.9214166789145
trial_150,78,528,-169.0343711541405,0,8.070822310798587,11.064829693800403
trial_150,79,737,-194.3619369034581,0,10.483005125161391,11.015978459851675
trial_150,80,211,-292.51047158040285,0,14.662169767775742,5.405504907735776
trial_150,81,19,237.84399528864697,1,0.30631611256696534,4.261919076562562
trial_150,82,394,-210.97031799453688,0,6.030539554208312,5.092307866517166
trial_150,83,1000,-205.2483282926064,-1,10.297663282953554,9.772830453692912
trial_150,84,111,363.5381282234706,1,0.3277985015506228,16.852106410699573
trial_150,85,390,287.78366207052045,1,0.256739731261722,9.224802132172309
trial_150,86,45,272.83734400789325,1,0.2826349369047775,7.765898471086386
trial_150,87,379,299.0291599453508,1,0.34661403949798497,10.387091957339448
trial_150,88,142,-179.6062088717996,0,4.130394002342807,6.149705699622476
trial_150,89,580,-181.82979654916173,0,8.5142722856106,10.360915460882214
trial_150,90,126,336.73808908430044,1,0.2664073147312687,14.122675912373428
trial_150,91,247,-273.47423461161605,0,10.692080325771098,3.325383731011086
trial_150,92,440,309.0775369886921,1,0.28336788275122127,11.424148895604974
trial_150,93,1000,-46.83088876521779,-1,0.7119173568483842,16.028828480326588
trial_150,94,737,-228.8955761485118,0,10.785826668546699,7.755998513166912
trial_150,95,863,286.73980493786684,1,0.26185185349121887,9.120636750283294
trial_150,96,147,-142.12849613086746,0,5.859392310562313,11.701493491670158
trial_150,97,48,-150.22302475844498,0,3.706398637313211,8.734161379938913
trial_150,98,1000,-196.72504709633918,-1,8.484676292855077,8.812171583221145
trial_150,99,744,-256.51085673592354,0,10.831045215203039,5.3919765947486615
trial_150,100,412,-221.81677589867144,0,11.261545590836803,9.04961778680744
trial_150,101,126,-155.33694065286284,0,3.4209192704633016,7.857182267916375
trial_150,102,405,-90.95389649179977,0,4.163178793329155,15.263650849088517
trial_150,103,129,324.66826447081746,1,0.36000751010752746,13.016247837925535
trial_150,104,193,351.5066313485374,1,0.38294870235647344,15.596001382208074
trial_150,105,819,-220.64980285002275,0,9.672355726078328,7.75015490272855
trial_150,106,221,-224.2837877195053,0,13.259219412379135,10.805131524064718
trial_150,107,63,-180.5575956292493,0,5.121566904264437,7.113301373982349
trial_150,108,365,-161.65418470176996,0,4.5694996962512135,8.46731583678313
trial_150,109,83,262.41153046374035,1,0.3780363057620565,6.826507628562339
trial_150,110,422,260.795848387411,1,0.28104074722917577,6.569983737759536
trial_150,111,1000,-196.1995589681133,-1,5.422303386531688,5.802347489720355
trial_150,112,231,-258.90979614411026,0,17.49396277355686,11.611049293213474
trial_150,113,1000,-225.81999326490032,-1,6.660497509114987,4.07849818262495
trial_150,114,180,-236.15465014258274,0,11.389571598019641,7.981560790233912
trial_150,115,218,288.05626625134454,1,0.19862394536652395,9.234482715733014
trial_150,116,1000,-165.24222074651445,-1,4.636702953764882,8.112480879113434
trial_150,117,1000,-150.1602231552473,-1,9.901228025843091,14.885205710318374
trial_150,118,236,-186.25191042489146,0,4.965110077713816,6.53374488600658
trial_150,119,480,-143.3143313094314,0,6.560015835012373,12.454846909314506
trial_150,120,64,288.3781393149842,1,0.30019573347592543,9.246097511041521
trial_150,121,70,-194.0090855130361,0,9.664702602416758,10.296627483993218
trial_150,122,242,-202.0687433741762,0,6.352347437549284,6.114963789401214
trial_150,123,53,275.2579526221032,1,0.3674095990060143,8.0275665231012
trial_150,124,440,-250.76681343675818,0,10.125361751120982,4.9892662267390335
trial_150,125,632,-215.17907641625683,0,8.678252506967056,7.118625008230769
trial_150,126,61,-181.0196324836459,0,12.136914493545245,14.073041816468173
trial_150,127,660,-165.8452470473303,0,2.3670814212978835,5.774339387427346
trial_150,128,491,-256.3931872159643,0,9.05737496319972,3.4425301617527917
trial_150,129,434,-230.78085057855117,0,7.39901686460105,4.506277394004503
trial_150,130,305,-187.36684973388327,0,6.926662260800033,8.340559738290187
trial_150,131,147,-226.1843543737735,0,12.352926673971401,9.713368974143663
trial_150,132,1000,-142.78607113288723,-1,6.122195792904661,11.843588679615946
trial_150,133,47,236.23559286325485,1,0.3911537572552183,4.179132674167057
trial_150,134,533,-156.72050911055356,0,4.501498251024743,8.85661471319746
trial_150,135,61,-201.1220361338352,0,7.868032578518233,7.718533759693277
trial_150,136,187,-222.99281476395652,0,8.870685162356265,6.552902880433523
trial_150,137,209,263.57545788105483,1,0.33485542448913486,6.787305063911328
trial_150,138,66,297.87704423552344,1,0.23063956710316502,10.245622916494286
trial_150,139,167,-216.49845011470467,0,6.316187996193026,4.650021846959971
trial_150,140,145,-122.1955669129119,0,8.034353899355803,15.892957078295856
trial_150,141,62,-196.4654955868983,0,11.508505156471534,11.842622814589864
trial_150,142,405,-127.2063908785761,0,5.811902738280892,13.065400230401117
trial_150,143,245,-228.15522193257547,0,13.631186545106084,10.727653018345308
trial_150,144,428,-196.9409452498504,0,4.66578003689667,4.9999902272588965
trial_150,145,553,-227.33736638801122,0,5.866540845615685,3.074485809371302
trial_150,146,952,338.0946126429502,1,0.3776470190469664,14.342436855806291
trial_150,147,137,-170.77113920027404,0,5.009699730438337,7.901335004959498
trial_150,148,76,-136.19769400097954,0,2.4849239707768187,8.815250297534512
trial_150,149,439,-203.47152212058091,0,13.102799208462214,12.760192215086327
trial_150,150,97,-221.4879765190796,0,6.104211092648372,3.951148879875748
trial_150,151,91,344.43787121505943,1,0.3064064211448444,14.886920070273508
trial_150,152,1000,-167.93721804641726,-1,5.590330492309337,8.796608687667618
trial_150,153,78,316.838573525746,1,0.3837897480397381,12.239289250105099
trial_150,154,39,-176.02983663763024,0,6.939810018480277,9.365314499457115
trial_150,155,187,-222.72121450899672,0,16.147048693772692,13.921033023850873
trial_150,156,389,-181.45812991655202,0,7.7467294371793525,9.584548626507539
trial_150,157,149,325.95490707552614,1,0.3817913787896872,13.126406606837795
trial_150,158,71,-144.15095273995556,0,8.87148408252092,14.664879212800095
trial_150,159,54,-159.21359551500018,0,10.579948064729727,14.703789982749964
trial_150,160,56,-179.1128401976575,0,8.792786857986925,11.057039237022272
trial_150,161,201,-158.28486809934574,0,12.38074575367035,16.51457933397206
trial_150,162,1000,-216.15123191600222,-1,9.676085982918528,8.060962791318314
trial_150,163,103,-134.16041823783766,0,5.6327844108836524,12.451564660322008
trial_150,164,71,-187.61538459948778,0,11.585209803250923,13.039955562551807
trial_150,165,240,-221.40744993498987,0,6.426683035008494,4.284752403326305
trial_150,166,1000,-183.55504231381911,-1,2.9859194702407628,4.630415238858849
trial_150,167,331,-130.07978738382099,0,4.74031895086061,11.717976729708765
trial_150,168,301,261.8060072680596,1,0.39841830385500837,6.628658933998716
trial_150,169,52,-132.60514863019426,0,4.658809130831928,11.441205642884029
trial_150,170,756,-127.80712988329378,0,7.836880748161174,14.983442825379317
trial_150,171,427,-237.43186010770472,0,7.62424587840365,3.9090409188135165
trial_150,172,200,370.1892374247798,1,0.34202937978686043,17.54322617524064
trial_150,173,301,-251.00508492918783,0,14.57330986210766,9.497016452459436
trial_150,174,456,-205.6758448035024,0,7.416715029649855,6.852690189000389
trial_150,175,1000,-228.04888563327637,-1,10.33083391591721,7.525945352589574
trial_150,176,787,-193.43035343712452,0,10.996767490837264,11.598406772072803
trial_150,177,326,-201.23871145298637,0,6.969036753116439,6.8100980130977495
trial_150,178,179,-173.16847779983254,0,5.816738422276725,8.462334101010779
trial_150,179,1000,-185.8726629517242,-1,2.6699806979615293,4.0827144027891045
trial_150,180,312,-211.26628013472742,0,9.379388816696055,8.445077902511027
trial_150,181,469,-281.0565327199059,0,11.751813438186678,3.6853031129452076
trial_150,182,195,-269.7257331324097,0,14.94703931440888,7.950459116876457
trial_150,183,1000,-219.92673445399996,-1,10.236463662902992,8.243790217502987
trial_150,184,201,-277.7838563322667,0,10.865308004068325,3.0812263858804103
trial_150,185,602,-162.16644689504125,0,5.565888405276212,9.35952326793267
trial_150,186,188,-168.12153863623652,0,13.923112035715954,17.150580340795972
trial_150,187,414,-173.62015226895895,0,2.7198707142046947,5.400786221206832
trial_150,188,68,-136.49922824587645,0,8.35432476243956,14.756664662378146
trial_150,189,892,-262.39470984240535,0,13.964303932295635,7.75586056792611
trial_150,190,318,-224.0108573115668,0,6.02808011912983,3.682074658262832
trial_150,191,314,-106.63654519936537,0,11.10166384880991,20.422165112478012
trial_150,192,105,-195.17019677024328,0,5.353048127975746,5.805574607949406
trial_150,193,140,328.56877307742616,1,0.3139912471956083,13.368829597572242
trial_150,194,280,-142.01553650724355,0,5.238257704533155,10.972989639309807
trial_150,195,24,-171.9799812511273,0,8.27486193105861,11.20692584486455
trial_150,196,329,-137.75000219439588,0,8.033465388736294,14.2688014624989
trial_150,197,70,272.48273837071736,1,0.31372841555413483,7.7728483142523235
trial_150,198,165,317.4851631306292,1,0.3654355656340025,12.243986041928537
trial_150,199,463,-192.83977869753184,0,6.215625237733834,6.891572689451519
trial_150,200,276,-161.7856758642118,0,8.16693297616582,11.991257486958155
